[
    {
        "id": "2e738d2ce19d39a9",
        "type": "tab",
        "label": "Fluxo 2",
        "disabled": false,
        "info": "",
        "env": []
    },
    {
        "id": "1b5e40baddeced9e",
        "type": "inject",
        "z": "2e738d2ce19d39a9",
        "name": "",
        "props": [
            {
                "p": "payload"
            },
            {
                "p": "topic",
                "vt": "str"
            }
        ],
        "repeat": "",
        "crontab": "",
        "once": false,
        "onceDelay": 0.1,
        "topic": "",
        "payload": "0",
        "payloadType": "str",
        "x": 510,
        "y": 380,
        "wires": [
            [
                "20216d06bdaad374"
            ]
        ]
    },
    {
        "id": "09fe731cc042dd7d",
        "type": "debug",
        "z": "2e738d2ce19d39a9",
        "name": "debug 7",
        "active": false,
        "tosidebar": true,
        "console": false,
        "tostatus": false,
        "complete": "true",
        "targetType": "full",
        "statusVal": "",
        "statusType": "auto",
        "x": 1060,
        "y": 380,
        "wires": []
    },
    {
        "id": "be387c21e73f178f",
        "type": "postgresql",
        "z": "2e738d2ce19d39a9",
        "name": "",
        "query": "INSERT INTO public.dadosproducao(codmaquina, status)\n\tVALUES (1028,{{{ msg.payload }}});",
        "postgreSQLConfig": "3b73df2c5067bc18",
        "split": false,
        "rowsPerMsg": 1,
        "outputs": 1,
        "x": 870,
        "y": 380,
        "wires": [
            [
                "09fe731cc042dd7d"
            ]
        ]
    },
    {
        "id": "ab85a08698441df1",
        "type": "inject",
        "z": "2e738d2ce19d39a9",
        "name": "",
        "props": [
            {
                "p": "payload"
            },
            {
                "p": "topic",
                "vt": "str"
            }
        ],
        "repeat": "",
        "crontab": "",
        "once": false,
        "onceDelay": 0.1,
        "topic": "",
        "payload": "1",
        "payloadType": "str",
        "x": 510,
        "y": 420,
        "wires": [
            [
                "20216d06bdaad374"
            ]
        ]
    },
    {
        "id": "20216d06bdaad374",
        "type": "split",
        "z": "2e738d2ce19d39a9",
        "name": "",
        "splt": "\\n",
        "spltType": "str",
        "arraySplt": 1,
        "arraySpltType": "len",
        "stream": false,
        "addname": "",
        "property": "payload",
        "x": 690,
        "y": 380,
        "wires": [
            [
                "be387c21e73f178f"
            ]
        ]
    },
    {
        "id": "ca8445bf998bbfd9",
        "type": "inject",
        "z": "2e738d2ce19d39a9",
        "name": "",
        "props": [
            {
                "p": "payload"
            },
            {
                "p": "topic",
                "vt": "str"
            }
        ],
        "repeat": "",
        "crontab": "",
        "once": false,
        "onceDelay": 0.1,
        "topic": "",
        "payload": "0",
        "payloadType": "str",
        "x": 490,
        "y": 500,
        "wires": [
            [
                "b668f0ca1ae64f09"
            ]
        ]
    },
    {
        "id": "23dc058faed8670a",
        "type": "debug",
        "z": "2e738d2ce19d39a9",
        "name": "debug 8",
        "active": false,
        "tosidebar": true,
        "console": false,
        "tostatus": false,
        "complete": "true",
        "targetType": "full",
        "statusVal": "",
        "statusType": "auto",
        "x": 1040,
        "y": 500,
        "wires": []
    },
    {
        "id": "5a25dacb5661f050",
        "type": "postgresql",
        "z": "2e738d2ce19d39a9",
        "name": "",
        "query": "INSERT INTO public.dadosproducao(codmaquina, status)\n\tVALUES (1028,{{{ msg.payload }}});",
        "postgreSQLConfig": "3b73df2c5067bc18",
        "split": false,
        "rowsPerMsg": 1,
        "outputs": 1,
        "x": 850,
        "y": 500,
        "wires": [
            [
                "23dc058faed8670a"
            ]
        ]
    },
    {
        "id": "ece07974e081ea4c",
        "type": "inject",
        "z": "2e738d2ce19d39a9",
        "name": "",
        "props": [
            {
                "p": "payload"
            },
            {
                "p": "topic",
                "vt": "str"
            }
        ],
        "repeat": "",
        "crontab": "",
        "once": false,
        "onceDelay": 0.1,
        "topic": "",
        "payload": "1",
        "payloadType": "str",
        "x": 490,
        "y": 540,
        "wires": [
            [
                "b668f0ca1ae64f09"
            ]
        ]
    },
    {
        "id": "b668f0ca1ae64f09",
        "type": "split",
        "z": "2e738d2ce19d39a9",
        "name": "",
        "splt": "\\n",
        "spltType": "str",
        "arraySplt": 1,
        "arraySpltType": "len",
        "stream": false,
        "addname": "",
        "property": "payload",
        "x": 670,
        "y": 500,
        "wires": [
            [
                "5a25dacb5661f050"
            ]
        ]
    },
    {
        "id": "ab9a579a7bc38666",
        "type": "postgresql",
        "z": "2e738d2ce19d39a9",
        "name": "",
        "query": "SELECT DATE_TRUNC('hour', \"stamp\") AS hora, \n       SUM(status) AS total_status\nFROM dadosproducao\nGROUP BY hora\nORDER BY hora;\n",
        "postgreSQLConfig": "3b73df2c5067bc18",
        "split": false,
        "rowsPerMsg": 1,
        "outputs": 1,
        "x": 830,
        "y": 660,
        "wires": [
            [
                "8fe538b824c115b2"
            ]
        ]
    },
    {
        "id": "8fe538b824c115b2",
        "type": "debug",
        "z": "2e738d2ce19d39a9",
        "name": "debug 9",
        "active": true,
        "tosidebar": true,
        "console": false,
        "tostatus": false,
        "complete": "true",
        "targetType": "full",
        "statusVal": "",
        "statusType": "auto",
        "x": 1020,
        "y": 660,
        "wires": []
    },
    {
        "id": "b0fe2404d9b7f9b7",
        "type": "inject",
        "z": "2e738d2ce19d39a9",
        "name": "",
        "props": [
            {
                "p": "payload"
            },
            {
                "p": "topic",
                "vt": "str"
            }
        ],
        "repeat": "",
        "crontab": "",
        "once": false,
        "onceDelay": 0.1,
        "topic": "",
        "payload": "1",
        "payloadType": "str",
        "x": 490,
        "y": 660,
        "wires": [
            [
                "ab9a579a7bc38666"
            ]
        ]
    },
    {
        "id": "3b73df2c5067bc18",
        "type": "postgreSQLConfig",
        "name": "",
        "host": "127.0.0.1",
        "hostFieldType": "str",
        "port": 5432,
        "portFieldType": "num",
        "database": "postgres",
        "databaseFieldType": "str",
        "ssl": "false",
        "sslFieldType": "bool",
        "applicationName": "",
        "applicationNameType": "str",
        "max": 10,
        "maxFieldType": "num",
        "idle": 1000,
        "idleFieldType": "num",
        "connectionTimeout": 10000,
        "connectionTimeoutFieldType": "num",
        "user": "postgres",
        "userFieldType": "str",
        "password": "admin",
        "passwordFieldType": "str"
    }
]